"year","last_name, first_name","player_id","pitch_hand","api_pitch_type","n_pitches","release_speed","spin_rate","movement_inches","alan_active_spin_pct","active_spin","hawkeye_measured","movement_inferred","api_pitch_name","active_spin_formatted","hawkeye_measured_clock_minutes","movement_inferred_clock_minutes","diff_measured_inferred","diff2","diff_measured_inferred_minutes","hawkeye_measured_clock_hh","hawkeye_measured_clock_mm","movement_inferred_clock_hh","movement_inferred_clock_mm","diff_clock_hh","diff_clock_mm","hawkeye_measured_clock_label","movement_inferred_clock_label","diff_clock_label"
,"Herz, DJ",687792,"L","FF",852,"93.5",2325,"20",0.9451407354167137,0.9884415387594654,139.19744511610725,139.72032702645714,"4-Seam Fastball",99,75,75,-0.522881910349895,0.5228819103498792,0,1,15,1,15,0,0,"1:15","1:15"," 0H 00M"
,"Hall, DL",669084,"L","FF",353,"93.3",2133,"15.2",0.737583577553558,0.838780674989645,143.89853994614347,153.5012065016962,"4-Seam Fastball",84,75,60,-9.60266655555273,9.602666555552723,15,1,15,1,0,0,15,"1:15","1:00","+0H 15M"
,"Puk, A.J.",640462,"L","FF",492,"95.5",2267,"17.7",0.8424179758092452,0.9054920161919553,130.8186902410573,141.09981507171636,"4-Seam Fastball",91,105,75,-10.281124830659053,10.281124830659065,30,1,45,1,15,0,30,"1:45","1:15","+0H 30M"
,"Sears, JP",676664,"L","FF",1033,"91.9",2086,"18.6",0.8918710729102681,0.9598435064610116,133.26646638713157,138.97383351218375,"4-Seam Fastball",96,90,75,-5.707367125052173,5.70736712505218,15,1,30,1,15,0,15,"1:30","1:15","+0H 15M"
,"Ryan, Joe",657746,"R","FF",978,"94",2276,"18",0.8521215441759873,0.9579380144113308,225.23248153630453,223.23253624808498,"4-Seam Fastball",96,630,630,1.9999452882195499,1.999945288219565,0,10,30,10,30,0,0,"10:30","10:30"," 0H 00M"
,"Gray, Jon",592351,"R","FF",719,"94.9",2029,"16.8",0.8477687089889009,0.9532780904427846,218.53085484516228,220.19364957419648,"4-Seam Fastball",95,645,645,-1.6627947290342036,1.662794729034206,0,10,45,10,45,0,0,"10:45","10:45"," 0H 00M"
,"Gil, Luis",661563,"R","FF",1284,"96.6",2438,"17.8",0.8160658626165014,0.8422223450144708,202.66801771525354,199.03858856252023,"4-Seam Fastball",84,675,675,3.6294291527333087,3.6294291527333,0,11,15,11,15,0,0,"11:15","11:15"," 0H 00M"
,"Blach, Ty",621389,"L","FF",384,"89.1",2022,"14.5",0.8502066708415267,0.9909814941507537,113.39506327431197,109.92195557992436,"4-Seam Fastball",99,135,135,3.4731076943876076,3.473107694387599,0,2,15,2,15,0,0,"2:15","2:15"," 0H 00M"
,"Brown, Ben",676962,"R","FF",530,"96.4",2222,"18.3",0.8773976405659757,0.9568751523847405,212.97618567279392,210.09167660333983,"4-Seam Fastball",96,660,660,2.884509069454083,2.8845090694540643,0,11,0,11,0,0,0,"11:00","11:00"," 0H 00M"
,"Woo, Bryan",693433,"R","FF",840,"94.8",2280,"17.7",0.825230135865457,0.908948404247443,221.85387912840733,214.10965014853883,"4-Seam Fastball",91,630,645,7.744228979868495,7.744228979868494,-15,10,30,10,45,0,15,"10:30","10:45","-0H 15M"
,"Rea, Colin",607067,"R","FF",509,"92.9",2173,"14.8",0.7167151362741535,0.8269423826706116,211.86684423942987,207.00852814182502,"4-Seam Fastball",83,660,660,4.858316097604842,4.858316097604824,0,11,0,11,0,0,0,"11:00","11:00"," 0H 00M"
,"Boyle, Joe",671212,"R","FF",570,"97.7",2506,"16.8",0.7533698180430524,0.8010747592690486,201.87821496154208,195.48504383654438,"4-Seam Fastball",80,675,690,6.393171124997707,6.393171124997711,-15,11,15,11,30,0,15,"11:15","11:30","-0H 15M"
,"Fried, Max",608331,"L","FF",924,"93.9",2220,"10.5",0.5088603005240355,0.6595855979013475,165.3168468599177,181.947434860577,"4-Seam Fastball",66,750,720,-16.630588000659316,16.63058800065928,30,12,30,12,0,0,30,"12:30","12:00","+0H 30M"
,"Meyer, Max",676974,"R","FF",381,"94.1",2387,"15.1",0.7123584108993929,0.8203970354653725,209.42788482747414,196.35934651097665,"4-Seam Fastball",82,660,690,13.068538316497495,13.0685383164975,-30,11,0,11,30,0,30,"11:00","11:30","-0H 30M"
,"Lugo, Seth",607625,"R","FF",735,"92.2",2368,"16.4",0.770576261314649,0.8410480560001814,212.48740696079503,205.3139279697325,"4-Seam Fastball",84,660,675,7.173478991062524,7.173478991062519,-15,11,0,11,15,0,15,"11:00","11:15","-0H 15M"
,"Baz, Shane",669358,"R","FF",578,"95.6",2419,"20.1",0.9211295735465834,0.9653608243675055,216.75581006814969,212.34837925464356,"4-Seam Fastball",97,645,660,4.407430813506124,4.4074308135061155,-15,10,45,11,0,0,15,"10:45","11:00","-0H 15M"
,"Vest, Will",676684,"R","FF",628,"96.1",2159,"17.7",0.8712687014423705,0.9372210803719293,218.58099087210053,212.9077549435776,"4-Seam Fastball",94,645,660,5.673235928522928,5.673235928522915,-15,10,45,11,0,0,15,"10:45","11:00","-0H 15M"
,"Nola, Aaron",605400,"R","FF",887,"92.5",2307,"18.7",0.8735121774309269,0.9376158224721839,225.25092625963111,221.95370820495367,"4-Seam Fastball",94,630,630,3.297218054677444,3.2972180546774434,0,10,30,10,30,0,0,"10:30","10:30"," 0H 00M"
,"Oller, Adam",670124,"R","FF",365,"93.7",2180,"20.6",0.9772627589759744,0.9909975032801405,218.879731459615,219.07812754452468,"4-Seam Fastball",99,645,645,-0.19839608490968885,0.1983960849096975,0,10,45,10,45,0,0,"10:45","10:45"," 0H 00M"
,"Marsh, Alec",679525,"R","FF",796,"94.2",2498,"17.5",0.8062342210610707,0.8454415171073638,220.73635486965657,215.04522863634932,"4-Seam Fastball",85,645,645,5.691126233307244,5.691126233307305,0,10,45,10,45,0,0,"10:45","10:45"," 0H 00M"
,"Faedo, Alex",656412,"R","FF",354,"94",2459,"18",0.8236251284598957,0.9114563430805159,213.6406285061652,207.22497737092147,"4-Seam Fastball",91,660,660,6.415651135243735,6.415651135243737,0,11,0,11,0,0,0,"11:00","11:00"," 0H 00M"
,"Vesia, Alex",681911,"L","FF",682,"93.4",2400,"20.8",0.9685631242428313,0.9929560865294932,161.12989362254604,161.71282377701428,"4-Seam Fastball",99,765,750,-0.5829301544682437,0.5829301544682438,15,12,45,12,30,0,15,"12:45","12:30","+0H 15M"
,"Lively, Ben",594902,"R","FF",738,"89.9",2005,"17.1",0.8450681990240853,0.9730646113672748,214.12692326015167,211.4552730525283,"4-Seam Fastball",97,645,660,2.6716502076233724,2.6716502076233746,-15,10,45,11,0,0,15,"10:45","11:00","-0H 15M"
,"Smith, Cade",671922,"R","FF",803,"96",2280,"17.9",0.8585660779057606,0.9530794486909199,214.4721012326312,209.8512659687371,"4-Seam Fastball",95,645,660,4.620835263894094,4.620835263894072,-15,10,45,11,0,0,15,"10:45","11:00","-0H 15M"
,"Mize, Casey",663554,"R","FF",690,"95.5",2259,"17.7",0.8513084361839366,0.9629472022526061,211.1401973836735,207.67387220983795,"4-Seam Fastball",96,660,660,3.4663251738355427,3.4663251738355476,0,11,0,11,0,0,0,"11:00","11:00"," 0H 00M"
,"Green, Chad",643338,"R","FF",492,"95.5",2464,"19.4",0.8850051349093552,0.9360016501880001,209.81785545332312,205.40224704116994,"4-Seam Fastball",94,660,675,4.415608412153176,4.415608412153164,-15,11,0,11,15,0,15,"11:00","11:15","-0H 15M"
,"Sale, Chris",519242,"L","FF",1042,"94.9",2239,"18.1",0.8813587950582912,0.966815047574615,114.82967086485941,120.69908220995089,"4-Seam Fastball",97,135,120,-5.869411345091478,5.869411345091483,15,2,15,2,0,0,15,"2:15","2:00","+0H 15M"
,"Irvin, Cole",608344,"L","FF",419,"92",2031,"19.2",0.9378182555165355,0.9771526965306018,138.368730477157,139.63440629913526,"4-Seam Fastball",98,90,75,-1.2656758219782773,1.2656758219782662,15,1,30,1,15,0,15,"1:30","1:15","+0H 15M"
,"Latz, Jacob",656641,"L","FF",402,"94.9",2337,"19",0.8978328422153167,0.9602521907354178,156.20049198563495,161.75544060093762,"4-Seam Fastball",96,765,750,-5.5549486153026635,5.554948615302661,15,12,45,12,30,0,15,"12:45","12:30","+0H 15M"
,"Webb, Jacob",657097,"R","FF",407,"93.5",2468,"18.8",0.8514930944453061,0.8812653270389527,221.06402351473275,212.21340508876096,"4-Seam Fastball",88,645,660,8.850618425971788,8.850618425971776,-15,10,45,11,0,0,15,"10:45","11:00","-0H 15M"
,"Irvin, Jake",663623,"R","FF",1140,"93.9",2377,"17.3",0.8059643637496428,0.8664755975493502,222.97231881189475,217.45938031751066,"4-Seam Fastball",87,630,645,5.512938494384088,5.512938494384066,-15,10,30,10,45,0,15,"10:30","10:45","-0H 15M"
,"Adam, Jason",592094,"R","FF",398,"95.5",2654,"19.7",0.8743094384200645,0.8754149110491022,209.45678499075387,203.4292835574857,"4-Seam Fastball",88,660,675,6.027501433268185,6.027501433268183,-15,11,0,11,15,0,15,"11:00","11:15","-0H 15M"
,"Estes, Joey",683155,"R","FF",1046,"92.4",2373,"18.8",0.8579823524651226,0.9167679140060613,214.03600649197392,212.19551184687438,"4-Seam Fastball",92,645,660,1.8404946450995396,1.8404946450995203,-15,10,45,11,0,0,15,"10:45","11:00","-0H 15M"
,"Wentz, Joey",666214,"L","FF",443,"93.7",2236,"18.7",0.8957500484145217,0.9491931110812323,151.359307576234,153.5830261806925,"4-Seam Fastball",95,60,60,-2.2237186044585258,2.223718604458546,0,1,0,1,0,0,0,"1:00","1:00"," 0H 00M"
,"Lynn, Lance",458681,"R","FF",959,"92.3",2454,"13.1",0.6020448219773404,0.7387405954108687,210.86696369445917,198.44449860173313,"4-Seam Fastball",74,660,690,12.422465092726043,12.422465092726009,-30,11,0,11,30,0,30,"11:00","11:30","-0H 30M"
,"Moore, Matt",519043,"L","FF",427,"92.7",2249,"19.9",0.9349299033697893,0.9805079571550176,142.3400214354176,147.61238649468612,"4-Seam Fastball",98,75,60,-5.272365059268509,5.272365059268511,15,1,15,1,0,0,15,"1:15","1:00","+0H 15M"
,"Mears, Nick",683232,"R","FF",608,"96.7",2318,"18",0.9154156101456004,0.9770025146929489,193.90062163362197,189.1179476330395,"4-Seam Fastball",98,690,705,4.78267400058246,4.782674000582446,-15,11,30,11,45,0,15,"11:30","11:45","-0H 15M"
,"Gray, Sonny",543243,"R","FF",594,"92.4",2514,"11.4",0.5182972606661419,0.6278601421691165,197.99997881599967,172.64075668295487,"4-Seam Fastball",63,690,735,25.359222133044796,25.359222133044796,-45,11,30,12,15,0,45,"11:30","12:15","-0H 45M"
,"Gallen, Zac",668678,"R","FF",1154,"93.7",2294,"17.1",0.8228053948167227,0.8571084682319259,205.86693046190348,196.24018358648203,"4-Seam Fastball",86,675,690,9.626746875421446,9.626746875421464,-15,11,15,11,30,0,15,"11:15","11:30","-0H 15M"
,"Ober, Bailey",641927,"R","FF",1020,"91.7",2303,"18.1",0.8488278309020462,0.921849292955376,210.06769888759604,207.07146914621404,"4-Seam Fastball",92,660,660,2.9962297413819954,2.9962297413819945,0,11,0,11,0,0,0,"11:00","11:00"," 0H 00M"
,"Snell, Blake",605483,"L","FF",804,"95.9",2436,"19.2",0.8729650450260007,0.9371926936196968,158.9210159580735,161.86753096825993,"4-Seam Fastball",94,765,750,-2.946515010186431,2.9465150101864324,15,12,45,12,30,0,15,"12:45","12:30","+0H 15M"
,"Suter, Brent",608718,"L","FF",436,"85.9",2223,"12.9",0.6011010370735345,0.6898082379035892,181.25482501361182,201.67226298019227,"4-Seam Fastball",69,720,675,-20.41743796658045,20.417437966580483,45,12,0,11,15,0,45,"12:00","11:15","+0H 45M"
,"Abreu, Bryan",650556,"R","FF",586,"96.7",2358,"17.5",0.8168924087614263,0.8483046933517873,208.0918037843872,201.18944885253208,"4-Seam Fastball",85,660,675,6.902354931855115,6.902354931855119,-15,11,0,11,15,0,15,"11:00","11:15","-0H 15M"
,"Smith, Burch",572143,"R","FF",448,"94.9",2283,"17.3",0.8121395634130424,0.895667050905661,201.00724802616466,195.11317101156033,"4-Seam Fastball",90,675,690,5.894077014604335,5.894077014604349,-15,11,15,11,30,0,15,"11:15","11:30","-0H 15M"
,"Povich, Cade",700249,"L","FF",565,"92.4",2321,"18.8",0.8750352561060845,0.9202374378511256,140.9744013154028,148.9099454906661,"4-Seam Fastball",92,75,60,-7.935544175263317,7.935544175263348,15,1,15,1,0,0,15,"1:15","1:00","+0H 15M"
,"Ragans, Cole",666142,"L","FF",1281,"95.4",2555,"21.3",0.9788221869524091,0.9931030246071001,140.12549407770524,141.7177265751516,"4-Seam Fastball",99,75,75,-1.5922324974463606,1.5922324974463595,0,1,15,1,15,0,0,"1:15","1:15"," 0H 00M"
,"Poche, Colin",621363,"L","FF",366,"91.2",2227,"18.5",0.871462134482635,0.9521426274144978,185.6861947453208,187.45936114318394,"4-Seam Fastball",95,705,705,-1.7731663978631502,1.7731663978631587,0,11,45,11,45,0,0,"11:45","11:45"," 0H 00M"
,"Festa, David",701581,"R","FF",442,"94.7",2349,"17.6",0.8325561185186933,0.8899052681144073,193.15974065339284,184.8514262348426,"4-Seam Fastball",89,690,705,8.308314418550253,8.308314418550275,-15,11,30,11,45,0,15,"11:30","11:45","-0H 15M"
,"Kremer, Dean",665152,"R","FF",692,"93.4",2274,"19.1",0.9032383032693133,0.9780905924812229,209.46262217278115,205.2015901874554,"4-Seam Fastball",98,660,675,4.261031985325758,4.261031985325785,-15,11,0,11,15,0,15,"11:00","11:15","-0H 15M"
,"Cease, Dylan",656302,"R","FF",1381,"96.9",2557,"18.2",0.8267292789479934,0.8730634086548207,189.34920233660065,187.97396980369433,"4-Seam Fastball",87,705,705,1.375232532906324,1.3752325329063058,0,11,45,11,45,0,0,"11:45","11:45"," 0H 00M"
,"Díaz, Edwin",621242,"R","FF",474,"97.5",2348,"18.9",0.891240980823329,0.958972597585573,232.96113359989477,228.3869414349548,"4-Seam Fastball",96,615,630,4.574192164939973,4.574192164939983,-15,10,15,10,30,0,15,"10:15","10:30","-0H 15M"
,"Miller, Erik",669062,"L","FF",599,"96.9",2274,"18",0.8511714960155389,0.9390176573446652,141.32790671952006,150.04866973520294,"4-Seam Fastball",94,75,60,-8.720763015682877,8.72076301568289,15,1,15,1,0,0,15,"1:15","1:00","+0H 15M"
,"Stone, Gavin",694813,"R","FF",532,"94.9",2234,"18",0.8701157757208967,0.95013644157316,213.77714874292383,209.10680107964285,"4-Seam Fastball",95,645,660,4.670347663280978,4.670347663280979,-15,10,45,11,0,0,15,"10:45","11:00","-0H 15M"
,"Cole, Gerrit",543037,"R","FF",695,"95.9",2362,"18.5",0.8644927257166942,0.913941801531647,207.30242385815436,201.96960581298754,"4-Seam Fastball",91,660,675,5.3328180451668175,5.332818045166801,-15,11,0,11,15,0,15,"11:00","11:15","-0H 15M"
,"Leiter, Jack",683004,"R","FF",345,"96.4",2347,"19.2",0.9044058784098629,0.9429422635312079,208.65578703069932,204.13902104801124,"4-Seam Fastball",94,660,675,4.516765982688071,4.5167659826881,-15,11,0,11,15,0,15,"11:00","11:15","-0H 15M"
,"Beeks, Jalen",656222,"L","FF",624,"94.5",2175,"15.8",0.8183767012337277,0.9447858233819404,152.49462875184236,160.47077117893951,"4-Seam Fastball",94,60,765,-7.976142427097159,7.976142427097171,15,1,0,12,45,0,15,"1:00","12:45","+0H 15M"
,"Jones, Jared",683003,"R","FF",929,"97.3",2538,"18.9",0.8764712307969476,0.9230020251754072,213.67963466869986,207.817756922675,"4-Seam Fastball",92,660,660,5.861877746024874,5.86187774602486,0,11,0,11,0,0,0,"11:00","11:00"," 0H 00M"
,"Duran, Jhoan",661395,"R","FF",358,"100.5",2035,"17.4",0.8985036176335132,0.9860732964944072,229.09545870603694,227.97695909216034,"4-Seam Fastball",99,615,630,1.118499613876594,1.118499613876592,-15,10,15,10,30,0,15,"10:15","10:30","-0H 15M"
,"Akin, Keegan",669211,"L","FF",673,"93.9",2418,"20.6",0.94651802506054,0.9476170782562324,145.59372532349374,149.74591692269524,"4-Seam Fastball",95,75,60,-4.152191599201501,4.152191599201529,15,1,15,1,0,0,15,"1:15","1:00","+0H 15M"
,"Maeda, Kenta",628317,"R","FF",441,"90.8",2284,"16.6",0.7742733750774156,0.8670591281228585,215.59898694482777,206.9783758056729,"4-Seam Fastball",87,645,660,8.620611139154875,8.620611139154862,-15,10,45,11,0,0,15,"10:45","11:00","-0H 15M"
,"Yates, Kirby",489446,"R","FF",621,"93.2",2357,"20.1",0.9339899755805793,0.9793827070635873,228.7560269846746,225.58956346749906,"4-Seam Fastball",98,615,630,3.1664635171755435,3.166463517175509,-15,10,15,10,30,0,15,"10:15","10:30","-0H 15M"
,"Gibson, Kyle",502043,"R","FF",363,"91.4",2232,"16",0.7630903464134613,0.8597927178656264,206.64806866341576,196.77079385173334,"4-Seam Fastball",86,660,690,9.877274811682412,9.877274811682419,-30,11,0,11,30,0,30,"11:00","11:30","-0H 30M"
,"Muller, Kyle",666205,"L","FF",386,"92.6",2371,"15.3",0.6904759042375244,0.7604102174155469,163.80565671693122,174.373980990897,"4-Seam Fastball",76,750,735,-10.568324273965771,10.568324273965773,15,12,30,12,15,0,15,"12:30","12:15","+0H 15M"
,"Allen, Logan",671106,"L","FF",798,"91.2",2118,"17.4",0.843842879627405,0.9214115212736719,154.5376885385371,149.03098463814788,"4-Seam Fastball",92,765,60,5.506703900389226,5.5067039003892395,-15,12,45,1,0,0,15,"12:45","1:00","-0H 15M"
,"Weaver, Luke",596133,"R","FF",653,"95.7",2461,"19.3",0.8765866963110499,0.9352169443823691,206.5083767891511,200.18763397131733,"4-Seam Fastball",94,660,675,6.320742817833775,6.320742817833782,-15,11,0,11,15,0,15,"11:00","11:15","-0H 15M"
,"Strahm, Matt",621381,"L","FF",506,"93.4",2501,"21.6",0.9712966722572123,0.9806741283701442,132.38844388308698,135.5057309766873,"4-Seam Fastball",98,90,90,-3.1172870936003108,3.1172870936003085,0,1,30,1,30,0,0,"1:30","1:30"," 0H 00M"
,"Lodolo, Nick",666157,"L","FF",788,"94.1",2347,"20.1",0.9401103612449278,0.9879588530810623,115.91832213259983,116.23517321572203,"4-Seam Fastball",99,135,135,-0.3168510831222022,0.3168510831222161,0,2,15,2,15,0,0,"2:15","2:15"," 0H 00M"
,"Sewald, Paul",623149,"R","FF",375,"91.4",2515,"16.9",0.7649689475717525,0.7970634783404652,234.43949721869484,220.80646275180504,"4-Seam Fastball",80,615,645,13.633034466889796,13.633034466889784,-30,10,15,10,45,0,30,"10:15","10:45","-0H 30M"
,"Skenes, Paul",694973,"R","FF",832,"98.8",2243,"18",0.8940262806251041,0.9776454987347395,238.82376223396705,236.7766282931586,"4-Seam Fastball",98,600,600,2.047133940808436,2.0471339408084486,0,10,0,10,0,0,0,"10:00","10:00"," 0H 00M"
,"Avila, Pedro",658648,"R","FF",550,"93.4",2249,"12.8",0.6176545472574427,0.7539419304627241,209.61514561038658,192.98905595374268,"4-Seam Fastball",75,660,690,16.6260896566439,16.626089656643874,-30,11,0,11,30,0,30,"11:00","11:30","-0H 30M"
,"Olson, Reese",681857,"R","FF",433,"94.2",2228,"17.4",0.826926163498375,0.8921521681685518,225.7488173118378,217.94653193036498,"4-Seam Fastball",89,630,645,7.802285381472814,7.802285381472803,-15,10,30,10,45,0,15,"10:30","10:45","-0H 15M"
,"Pepiot, Ryan",686752,"R","FF",1078,"94.9",2380,"21.1",0.9765170626124144,0.9905226193912002,207.02474839773052,206.04267770058675,"4-Seam Fastball",99,660,675,0.9820706971437687,0.9820706971437757,-15,11,0,11,15,0,15,"11:00","11:15","-0H 15M"
,"Nelson, Ryne",669194,"R","FF",1340,"95.2",2216,"18.8",0.9131483933616158,0.9777643033275804,199.40557827207542,198.69667761937072,"4-Seam Fastball",98,675,690,0.708900652704699,0.7089006527047088,-15,11,15,11,30,0,15,"11:15","11:30","-0H 15M"
,"Stanek, Ryne",592773,"R","FF",586,"97.7",2329,"20",0.936811900109398,0.985963521858034,210.20086287982906,209.33019060038743,"4-Seam Fastball",99,660,660,0.870672279441635,0.8706722794416593,0,11,0,11,0,0,0,"11:00","11:00"," 0H 00M"
,"Manaea, Sean",640455,"L","FF",335,"92.3",2004,"17.8",0.8748658182430995,0.9694384029484211,129.81194813010913,134.31882395748357,"4-Seam Fastball",97,105,90,-4.506875827374444,4.506875827374447,15,1,45,1,30,0,15,"1:45","1:30","+0H 15M"
,"Dubin, Shawn",681869,"R","FF",356,"95",2343,"18.7",0.8615773318955061,0.9148326954981959,217.84845509670177,213.35550661630967,"4-Seam Fastball",91,645,660,4.492948480392101,4.492948480392078,-15,10,45,11,0,0,15,"10:45","11:00","-0H 15M"
,"Bradley, Taj",671737,"R","FF",957,"96.4",2304,"19.2",0.8954642678248168,0.9475997120745233,201.49299340956142,198.11679790545185,"4-Seam Fastball",95,675,690,3.3761955041095746,3.3761955041095577,-15,11,15,11,30,0,15,"11:15","11:30","-0H 15M"
,"Matsui, Yuki",673513,"L","FF",421,"92.2",2440,"19.8",0.904251687470675,0.9440952991453959,161.9810793999111,167.0940594575912,"4-Seam Fastball",94,750,750,-5.11298005768009,5.112980057680086,0,12,30,12,30,0,0,"12:30","12:30"," 0H 00M"
,"Díaz, Alexis",664747,"R","FF",565,"93.9",2613,"16.5",0.7402970245057319,0.782777885717691,232.47012946426494,220.858419452423,"4-Seam Fastball",78,615,645,11.61171001184195,11.611710011841923,-30,10,15,10,45,0,30,"10:15","10:45","-0H 30M"
,"Nardi, Andrew",677053,"L","FF",551,"94",2294,"18.8",0.8764601508611131,0.9373520069673983,145.42092907855655,152.76339250508988,"4-Seam Fastball",94,75,60,-7.342463426533328,7.342463426533344,15,1,15,1,0,0,15,"1:15","1:00","+0H 15M"
,"Brieske, Beau",689225,"R","FF",461,"95.9",2503,"18.6",0.8587214974366381,0.8754029629982497,201.3831907547857,199.39170548056669,"4-Seam Fastball",88,675,675,1.9914852742190021,1.9914852742189744,0,11,15,11,15,0,0,"11:15","11:15"," 0H 00M"
,"Miller, Bobby",676272,"R","FF",398,"97.6",2294,"17.8",0.8684580755156508,0.9840235648667616,212.0980919199217,207.21341322978373,"4-Seam Fastball",98,660,660,4.884678690137974,4.884678690137952,0,11,0,11,0,0,0,"11:00","11:00"," 0H 00M"
,"Singer, Brady",663903,"R","FF",332,"91.6",2363,"14.2",0.6682647621994369,0.7977956135404293,210.8322193931626,206.1909804770619,"4-Seam Fastball",80,660,675,4.64123891610069,4.641238916100687,-15,11,0,11,15,0,15,"11:00","11:15","-0H 15M"
,"Hudson, Bryan",663542,"L","FF",468,"91.3",2284,"13.7",0.6405785816097638,0.7253851076017684,134.29174822161727,147.27197115878369,"4-Seam Fastball",73,90,60,-12.980222937166417,12.980222937166412,30,1,30,1,0,0,30,"1:30","1:00","+0H 30M"
,"Jarvis, Bryce",686826,"R","FF",345,"95.7",2107,"16.4",0.8248469496720813,0.9325997967205613,222.0126516767563,213.68628031441284,"4-Seam Fastball",93,630,660,8.326371362343451,8.326371362343464,-30,10,30,11,0,0,30,"10:30","11:00","-0H 30M"
,"Miller, Bryce",682243,"R","FF",1159,"95.2",2484,"19",0.8559851711349942,0.9015350118839888,206.87186514079627,200.41112640177298,"4-Seam Fastball",90,660,675,6.460738739023299,6.460738739023276,-15,11,0,11,15,0,15,"11:00","11:15","-0H 15M"
,"Flexen, Chris",623167,"R","FF",1019,"91.3",2145,"17.7",0.8489163203620882,0.9169389462681827,189.55518641807114,185.229104166616,"4-Seam Fastball",92,705,705,4.326082251455148,4.3260822514551265,0,11,45,11,45,0,0,"11:45","11:45"," 0H 00M"
,"Bednar, David",670280,"R","FF",568,"97.2",2468,"19.5",0.9085595601657153,0.9739734765220406,208.58814957920612,204.1496660196457,"4-Seam Fastball",97,660,675,4.43848355956041,4.438483559560414,-15,11,0,11,15,0,15,"11:00","11:15","-0H 15M"
,"Swanson, Erik",657024,"R","FF",329,"93.9",2271,"20",0.939878609021315,0.9860066148806917,210.450587608195,211.29736128799698,"4-Seam Fastball",99,660,660,-0.84677367980197,0.8467736798019769,0,11,0,11,0,0,0,"11:00","11:00"," 0H 00M"
,"Kirby, George",669923,"R","FF",996,"96",2231,"18.1",0.8579337604834257,0.9384612117473721,217.02033874142765,212.6820493826163,"4-Seam Fastball",94,645,660,4.338289358811352,4.338289358811367,-15,10,45,11,0,0,15,"10:45","11:00","-0H 15M"
,"Holmes, Grant",656550,"R","FF",382,"94.6",2308,"15.8",0.7675213985289874,0.8418325630158775,210.9768201180988,205.56837843251063,"4-Seam Fastball",84,660,675,5.408441685588173,5.408441685588168,-15,11,0,11,15,0,15,"11:00","11:15","-0H 15M"
,"Harris, Hogan",663687,"L","FF",683,"92.9",2256,"19.4",0.9024820634992062,0.9929092470292553,145.79806183022822,147.05773213360882,"4-Seam Fastball",99,75,60,-1.2596703033806023,1.2596703033806056,15,1,15,1,0,0,15,"1:15","1:00","+0H 15M"
,"Brown, Hunter",686613,"R","FF",973,"96",2296,"17.8",0.838921276977878,0.9146568797939283,201.9151068926789,197.12082339696497,"4-Seam Fastball",91,675,690,4.794283495713927,4.794283495713898,-15,11,15,11,30,0,15,"11:15","11:30","-0H 15M"
,"Barnes, Jacob",606930,"R","FF",527,"95.4",2465,"16.3",0.7548125123979904,0.827446830434422,197.44098963271088,187.69517019499992,"4-Seam Fastball",83,690,705,9.745819437710963,9.745819437710974,-15,11,30,11,45,0,15,"11:30","11:45","-0H 15M"
,"Diekman, Jake",518617,"L","FF",363,"94.5",2273,"20.7",0.9672977137769603,0.9934708160766066,117.51716423100616,119.55060785851006,"4-Seam Fastball",99,120,120,-2.0334436275038996,2.0334436275039,0,2,0,2,0,0,0,"2:00","2:00"," 0H 00M"
,"Paxton, James",572020,"L","FF",935,"93.2",2088,"17.2",0.850004915257511,0.9559174596137856,135.43254377606343,139.82981192324118,"4-Seam Fastball",96,90,75,-4.397268147177755,4.397268147177743,15,1,30,1,15,0,15,"1:30","1:15","+0H 15M"
,"Assad, Javier",665871,"R","FF",400,"91.5",2034,"16.9",0.8265374048490742,0.9069272034666185,208.5575814729607,200.15238978886958,"4-Seam Fastball",91,660,675,8.405191684091108,8.405191684091106,-15,11,0,11,15,0,15,"11:00","11:15","-0H 15M"
,"Hoffman, Jeff",656546,"R","FF",388,"96.6",2593,"20.9",0.9428993606613981,0.9731343350988128,218.5035294167186,217.72135237440403,"4-Seam Fastball",97,645,645,0.7821770423145722,0.7821770423145356,0,10,45,10,45,0,0,"10:45","10:45"," 0H 00M"
,"Jiménez, Joe",641729,"R","FF",503,"94.5",2398,"19.1",0.8984872077500563,0.9366143098906934,211.57429795708708,209.55483719792608,"4-Seam Fastball",94,660,660,2.0194607591610065,2.0194607591610048,0,11,0,11,0,0,0,"11:00","11:00"," 0H 00M"
,"Musgrove, Joe",605397,"R","FF",353,"92.9",2641,"12.5",0.5509834328314073,0.6306783072680865,208.89035793778723,196.98544593596404,"4-Seam Fastball",63,660,690,11.904912001823192,11.9049120018232,-30,11,0,11,30,0,30,"11:00","11:30","-0H 30M"
,"Brebbia, John",605154,"R","FF",474,"93.8",2284,"19.8",0.9370121297211974,0.9890549807253395,214.56563827479098,210.60620350723238,"4-Seam Fastball",99,645,660,3.959434767558605,3.959434767558639,-15,10,45,11,0,0,15,"10:45","11:00","-0H 15M"
,"Weems, Jordan",607179,"R","FF",451,"96",2102,"18.6",0.9137684589560139,0.9867959742986702,212.8881951974254,208.95597992885178,"4-Seam Fastball",99,660,660,3.9322152685736285,3.9322152685736094,0,11,0,11,0,0,0,"11:00","11:00"," 0H 00M"
,"Wicks, Jordan",696136,"L","FF",377,"92.6",2316,"17.7",0.8156614722454238,0.8713851687727054,155.0152831031864,165.71300938819473,"4-Seam Fastball",87,765,750,-10.697726285008343,10.697726285008322,15,12,45,12,30,0,15,"12:45","12:30","+0H 15M"
,"Alcala, Jorge",660896,"R","FF",411,"98",2470,"19.9",0.9290161606644928,0.9612851488334769,213.68691948395954,211.0686324891319,"4-Seam Fastball",96,660,660,2.618286994827656,2.6182869948276672,0,11,0,11,0,0,0,"11:00","11:00"," 0H 00M"
,"Buttó, José",676130,"R","FF",384,"94.2",2404,"15.6",0.7137952523953649,0.8000458059237365,209.0224583563915,199.50549038561516,"4-Seam Fastball",80,660,675,9.516967970776335,9.516967970776314,-15,11,0,11,15,0,15,"11:00","11:15","-0H 15M"
,"Suarez, José",660761,"L","FF",393,"93",2340,"18.9",0.8656262054332712,0.9091386303007621,145.04198870535382,154.82746920560785,"4-Seam Fastball",91,75,765,-9.785480500254039,9.785480500254042,30,1,15,12,45,0,30,"1:15","12:45","+0H 30M"
,"Ginkel, Kevin",656464,"R","FF",611,"96",2420,"17.8",0.8453168281284643,0.8992101033237235,221.14611944134467,215.74852252150276,"4-Seam Fastball",90,645,645,5.397596919841902,5.397596919841894,0,10,45,10,45,0,0,"10:45","10:45"," 0H 00M"
,"Nicolas, Kyle",693312,"R","FF",506,"97.4",2378,"19.1",0.9227293266489434,0.9837924828925173,213.84687291010772,210.01542803102583,"4-Seam Fastball",98,645,660,3.831444879081886,3.8314448790819053,-15,10,45,11,0,0,15,"10:45","11:00","-0H 15M"
,"Knack, Landon",689017,"R","FF",530,"93.5",2449,"20.2",0.9361088317683843,0.9799200839230019,204.36024903548608,203.02794356275612,"4-Seam Fastball",98,675,675,1.3323054727299564,1.3323054727299621,0,11,15,11,15,0,0,"11:15","11:15"," 0H 00M"
,"Miller, Mason",695243,"R","FF",643,"100.9",2506,"19.1",0.88245385485435,0.9124577214537005,214.42806926053285,211.87477530115873,"4-Seam Fastball",91,645,660,2.553293959374116,2.5532939593741024,-15,10,45,11,0,0,15,"10:45","11:00","-0H 15M"
,"Waldron, Matt",663362,"R","FF",463,"90.7",2061,"16.5",0.8031422644983548,0.9010966355687237,223.65398567250307,215.41830850433578,"4-Seam Fastball",90,630,645,8.235677168167285,8.235677168167273,-15,10,30,10,45,0,15,"10:30","10:45","-0H 15M"
,"King, Michael",650633,"R","FF",675,"93.7",2286,"15.8",0.7411179775503542,0.8147267609672701,213.38872625797222,203.3628020197766,"4-Seam Fastball",81,660,675,10.025924238195614,10.025924238195634,-15,11,0,11,15,0,15,"11:00","11:15","-0H 15M"
,"Baumann, Mike",657508,"R","FF",430,"96.5",2284,"19.5",0.9164828960894731,0.9839445889211427,210.23140078047703,205.8863759894017,"4-Seam Fastball",98,660,675,4.345024791075332,4.345024791075324,-15,11,0,11,15,0,15,"11:00","11:15","-0H 15M"
,"Keller, Mitch",656605,"R","FF",865,"94.4",2406,"16.7",0.7785114858546408,0.8408917202860612,219.9604338539779,214.60219143277573,"4-Seam Fastball",84,645,645,5.3582424212021635,5.358242421202173,0,10,45,10,45,0,0,"10:45","10:45"," 0H 00M"
,"Pearson, Nate",663878,"R","FF",477,"97.7",2255,"17.8",0.8587920057964901,0.9544193041061899,211.0202321315804,205.71351529679086,"4-Seam Fastball",95,660,675,5.30671683478954,5.306716834789547,-15,11,0,11,15,0,15,"11:00","11:15","-0H 15M"
,"Pivetta, Nick",601713,"R","FF",1154,"93.9",2311,"19.9",0.9342685509475408,0.9805898614637734,195.36154308413592,192.2231413986746,"4-Seam Fastball",98,690,690,3.1384016854613037,3.138401685461311,0,11,30,11,30,0,0,"11:30","11:30"," 0H 00M"
,"Bido, Osvaldo",674370,"R","FF",413,"94.8",2387,"19",0.8768580842343108,0.903137599243312,218.57772396483665,214.7608217432539,"4-Seam Fastball",90,645,645,3.816902221582751,3.8169022215827404,0,10,45,10,45,0,0,"10:45","10:45"," 0H 00M"
,"López, Pablo",641154,"R","FF",1215,"95",2205,"15.1",0.726245418958084,0.7631872975770623,212.36405343790264,202.76019632322627,"4-Seam Fastball",76,660,675,9.603857114676373,9.603857114676394,-15,11,0,11,15,0,15,"11:00","11:15","-0H 15M"
,"Hodge, Porter",687863,"R","FF",390,"95.5",2410,"13.9",0.6580498019632764,0.7597948247918032,193.7819666835325,177.03427649313298,"4-Seam Fastball",76,690,720,16.74769019039951,16.747690190399503,-30,11,30,12,0,0,30,"11:30","12:00","-0H 30M"
,"Detmers, Reid",672282,"L","FF",726,"93.8",2124,"19.5",0.9320865777302461,0.9899158742209628,149.18747350299464,151.6032724866403,"4-Seam Fastball",99,60,60,-2.415798983645658,2.4157989836456455,0,1,0,1,0,0,0,"1:00","1:00"," 0H 00M"
,"Blanco, Ronel",669854,"R","FF",1025,"93.4",2229,"19.7",0.9253938609990111,0.9864704404954067,206.233314372225,202.76043648899807,"4-Seam Fastball",99,675,675,3.4728778832269427,3.4728778832269764,0,11,15,11,15,0,0,"11:15","11:15"," 0H 00M"
,"Feltner, Ryan",663372,"R","FF",947,"94.6",2353,"13.9",0.7047456112663758,0.8232670412007171,209.46911323384901,203.63057019453336,"4-Seam Fastball",82,660,675,5.8385430393156525,5.838543039315687,-15,11,0,11,15,0,15,"11:00","11:15","-0H 15M"
,"Helsley, Ryan",664854,"R","FF",411,"99.5",2553,"17.5",0.8124875317632136,0.8970864782037099,197.76565718379894,191.6822598079178,"4-Seam Fastball",90,690,690,6.083397375881134,6.083397375881109,0,11,30,11,30,0,0,"11:30","11:30"," 0H 00M"
,"Banks, Tanner",621383,"L","FF",358,"93.6",2257,"15.3",0.7251011432630796,0.8281370351630576,156.0464922386438,170.11341651703276,"4-Seam Fastball",83,765,735,-14.066924278388967,14.066924278388955,30,12,45,12,15,0,30,"12:45","12:15","+0H 30M"
,"Bibee, Tanner",676440,"R","FF",1237,"94.6",2361,"15.9",0.7468687495021944,0.8383046472046999,203.27903356047366,196.1688611180899,"4-Seam Fastball",84,675,690,7.110172442383771,7.110172442383791,-15,11,15,11,30,0,15,"11:15","11:30","-0H 15M"
,"Scott, Tanner",656945,"L","FF",682,"97",2567,"17.1",0.7713117807596408,0.7584172840225318,148.59358884979778,162.72034913707225,"4-Seam Fastball",76,60,750,-14.126760287274465,14.126760287274468,30,1,0,12,30,0,30,"1:00","12:30","+0H 30M"
,"Skubal, Tarik",669373,"L","FF",902,"96.8",2225,"17.1",0.8318168119782406,0.9520139667747245,148.33720183926178,156.96195761321223,"4-Seam Fastball",95,60,765,-8.624755773950454,8.624755773950445,15,1,0,12,45,0,15,"1:00","12:45","+0H 15M"
,"Scott, Tayler",605463,"R","FF",569,"92.7",2125,"19.2",0.9172314482232261,0.9639537814737505,244.78020560417616,240.58533685154356,"4-Seam Fastball",96,585,600,4.194868752632601,4.194868752632624,-15,9,45,10,0,0,15,"9:45","10:00","-0H 15M"
,"Myers, Tobias",668964,"R","FF",859,"92.9",2226,"19.3",0.9324051619713244,0.9963003429305799,198.6994609236158,195.6327777858302,"4-Seam Fastball",100,690,690,3.0666831377855885,3.0666831377856005,0,11,30,11,30,0,0,"11:30","11:30"," 0H 00M"
,"Kinley, Tyler",641755,"R","FF",369,"95.9",2368,"15.3",0.7843399831755559,0.8671011818309047,206.5380649532581,198.1126635100949,"4-Seam Fastball",87,660,690,8.425401443163196,8.425401443163192,-30,11,0,11,30,0,30,"11:00","11:30","-0H 30M"
,"Megill, Tylor",656731,"R","FF",633,"95.7",2218,"17.2",0.8271565650342826,0.9051673973196929,213.7538365607111,204.52069630506665,"4-Seam Fastball",91,645,675,9.233140255644457,9.233140255644468,-30,10,45,11,15,0,30,"10:45","11:15","-0H 30M"
,"Miller, Tyson",668338,"R","FF",429,"89.6",2169,"9.7",0.4597794594435498,0.6310531368103486,214.3976432310813,192.5421190620256,"4-Seam Fastball",63,645,690,21.855524169055712,21.85552416905572,-45,10,45,11,30,0,45,"10:45","11:30","-0H 45M"
,"Littell, Zack",641793,"R","FF",544,"92.4",2022,"17.8",0.8817273283684361,0.9516913580891863,208.89143342970223,204.6016771568472,"4-Seam Fastball",95,660,675,4.289756272855044,4.289756272855069,-15,11,0,11,15,0,15,"11:00","11:15","-0H 15M"
,"Wheeler, Zack",554430,"R","FF",1298,"95.3",2431,"17.2",0.7915463138011534,0.8321807906182983,224.80242514128068,215.15718438081862,"4-Seam Fastball",83,630,645,9.645240760462059,9.645240760462043,-15,10,30,10,45,0,15,"10:30","10:45","-0H 15M"
,"Abbott, Andrew",671096,"L","FF",1248,"92.8",2254,"18.2",0.8663823540060595,0.9573376092879387,148.04901555710896,149.10522369701954,"4-Seam Fastball",96,60,60,-1.0562081399105807,1.0562081399105974,0,1,0,1,0,0,0,"1:00","1:00"," 0H 00M"
,"Heaney, Andrew",571760,"L","FF",1367,"91.5",2401,"20.9",0.9605590983309567,0.9951566258354219,125.17852821252762,128.43335010104744,"4-Seam Fastball",100,105,105,-3.254821888519814,3.2548218885198157,0,1,45,1,45,0,0,"1:45","1:45"," 0H 00M"
,"Gomber, Austin",596295,"L","FF",1008,"90.4",2180,"18.4",0.9316286057290928,0.9938800576636595,149.56301213839626,154.3076462051248,"4-Seam Fastball",99,60,765,-4.744634066728537,4.744634066728513,15,1,0,12,45,0,15,"1:00","12:45","+0H 15M"
,"Falter, Bailey",663559,"L","FF",1002,"91.8",2031,"17.3",0.8601897798898527,0.9730332593753561,169.32062998666206,170.74199757000022,"4-Seam Fastball",97,735,735,-1.4213675833381672,1.4213675833381807,0,12,15,12,15,0,0,"12:15","12:15"," 0H 00M"
,"Rodón, Carlos",607074,"L","FF",1524,"95.4",2384,"19.6",0.9099205287854597,0.9646867951444116,147.32995466321972,151.95653358666618,"4-Seam Fastball",96,60,60,-4.626578923446459,4.626578923446443,0,1,0,1,0,0,0,"1:00","1:00"," 0H 00M"
,"Fulmer, Carson",608334,"R","FF",340,"93.1",2276,"17.7",0.8308633125443734,0.8871761654680375,216.33225699493514,207.83645919382587,"4-Seam Fastball",89,645,660,8.495797801109262,8.495797801109259,-15,10,45,11,0,0,15,"10:45","11:00","-0H 15M"
,"Spiers, Carson",686730,"R","FF",464,"92.4",2325,"16.6",0.7797759550874217,0.858912621141341,213.36926762451844,203.82323297239662,"4-Seam Fastball",86,660,675,9.546034652121818,9.54603465212183,-15,11,0,11,15,0,15,"11:00","11:15","-0H 15M"
,"Paddack, Chris",663978,"R","FF",623,"93.3",2214,"19.7",0.9421485983037756,0.9931872652821856,212.99633774529275,214.00671779091545,"4-Seam Fastball",99,660,645,-1.0103800456226963,1.0103800456227303,15,11,0,10,45,0,15,"11:00","10:45","+0H 15M"
,"Bradford, Cody",674003,"L","FF",614,"89.8",2100,"18.7",0.9056240074907019,0.9913556815364769,154.71480142189984,160.47905565745157,"4-Seam Fastball",99,765,765,-5.764254235551732,5.764254235551729,0,12,45,12,45,0,0,"12:45","12:45"," 0H 00M"
,"Kimbrel, Craig",518886,"R","FF",629,"93.9",2316,"17.9",0.8337503099555462,0.9150108651170278,219.26344635655929,213.83549661862497,"4-Seam Fastball",92,645,645,5.427949737934313,5.427949737934333,0,10,45,10,45,0,0,"10:45","10:45"," 0H 00M"
,"Hudson, Daniel",543339,"R","FF",487,"95.1",2494,"16.8",0.7713299394422101,0.840414344275684,214.32751985936295,207.8831842288511,"4-Seam Fastball",84,645,660,6.444335630511858,6.444335630511837,-15,10,45,11,0,0,15,"10:45","11:00","-0H 15M"
,"Pagán, Emilio",641941,"R","FF",343,"94.6",2553,"19.2",0.866248579397592,0.9296619503287571,206.56704029229772,202.12134156533057,"4-Seam Fastball",93,660,675,4.4456987269671515,4.445698726967162,-15,11,0,11,15,0,15,"11:00","11:15","-0H 15M"
,"Phillips, Evan",623465,"R","FF",330,"96.2",2401,"17.9",0.8406721081444393,0.9286329352539792,219.84903832128362,214.21269286270632,"4-Seam Fastball",93,645,645,5.636345458577296,5.636345458577289,0,10,45,10,45,0,0,"10:45","10:45"," 0H 00M"
,"Cruz, Fernando",518585,"R","FF",369,"94.7",2279,"17.8",0.8539237267122625,0.9207443356448871,211.87321957553922,203.35733897682695,"4-Seam Fastball",92,660,675,8.515880598712272,8.515880598712268,-15,11,0,11,15,0,15,"11:00","11:15","-0H 15M"
,"Gaddis, Hunter",683769,"R","FF",412,"95.4",2327,"17.5",0.829609132102004,0.9407767858372316,207.8254695931768,204.13721193704077,"4-Seam Fastball",94,660,675,3.6882576561360167,3.6882576561360163,-15,11,0,11,15,0,15,"11:00","11:15","-0H 15M"
,"Greene, Hunter",668881,"R","FF",1412,"97.6",2378,"18.6",0.8800791174952654,0.9476308031674735,214.9715621949392,209.9515464172659,"4-Seam Fastball",95,645,660,5.020015777673308,5.020015777673334,-15,10,45,11,0,0,15,"10:45","11:00","-0H 15M"
,"Harvey, Hunter",640451,"R","FF",570,"97.8",2045,"17.9",0.9086972352596914,0.9947652042896038,209.0937425578199,204.67020106765256,"4-Seam Fastball",99,660,675,4.423541490167338,4.423541490167331,-15,11,0,11,15,0,15,"11:00","11:15","-0H 15M"
,"Neris, Héctor",593576,"R","FF",462,"92.9",2401,"19",0.8713456585119176,0.9100204039738675,216.65596363922953,211.65547164582082,"4-Seam Fastball",91,645,660,5.000491993408701,5.000491993408699,-15,10,45,11,0,0,15,"10:45","11:00","-0H 15M"
,"Flaherty, Jack",656427,"R","FF",1100,"93.3",2257,"15.4",0.7331429150351275,0.8277868646982447,205.85166834003422,196.2185695103781,"4-Seam Fastball",83,675,690,9.63309882965612,9.633098829656083,-15,11,15,11,30,0,15,"11:15","11:30","-0H 15M"
,"Shuster, Jared",694363,"L","FF",484,"92.5",2194,"17.9",0.8561136784181849,0.9512784323585676,136.0477146985852,141.9817748025811,"4-Seam Fastball",95,90,75,-5.934060103995904,5.934060103995902,15,1,30,1,15,0,15,"1:30","1:15","+0H 15M"
,"Cantillo, Joey",676282,"L","FF",347,"92.2",1881,"17.2",0.8928807850478736,0.98781526457602,159.50129818675595,163.42000566160652,"4-Seam Fastball",99,765,750,-3.918707474850578,3.9187074748505677,15,12,45,12,30,0,15,"12:45","12:30","+0H 15M"
,"Quintana, Jose",500779,"L","FF",628,"90.7",2074,"16",0.7687973669759735,0.8604974677375706,155.02294344179217,165.51626149217452,"4-Seam Fastball",86,765,750,-10.493318050382356,10.493318050382374,15,12,45,12,30,0,15,"12:45","12:30","+0H 15M"
,"Leclerc, José",600917,"R","FF",419,"95.3",2534,"17.1",0.7774352038468277,0.7829375241314214,200.12513653116469,188.7548133467484,"4-Seam Fastball",78,675,705,11.370323184416293,11.370323184416307,-30,11,15,11,45,0,30,"11:15","11:45","-0H 30M"
,"Quijada, José",650671,"L","FF",349,"93.9",2229,"16.6",0.7923654354433727,0.893470098838478,148.61639695890295,160.8779177064426,"4-Seam Fastball",89,60,765,-12.261520747539635,12.261520747539617,15,1,0,12,45,0,15,"1:00","12:45","+0H 15M"
,"Steele, Justin",657006,"L","FF",1215,"91.6",2419,"12.6",0.578138921180735,0.6524735882838593,162.38778545533796,180.13311027334564,"4-Seam Fastball",65,750,720,-17.745324818007674,17.745324818007674,30,12,30,12,0,0,30,"12:30","12:00","+0H 30M"
,"Wilson, Justin",458677,"L","FF",402,"95.5",2213,"18.5",0.902567004425201,0.9693301944137196,152.97207675805586,157.98076968479967,"4-Seam Fastball",97,60,765,-5.008692926743805,5.0086929267438,15,1,0,12,45,0,15,"1:00","12:45","+0H 15M"
,"Gausman, Kevin",592332,"R","FF",1510,"93.9",2287,"19.9",0.9276431077652942,0.9692560070441294,217.10468597332033,214.55359061793692,"4-Seam Fastball",97,645,645,2.55109535538341,2.5510953553834477,0,10,45,10,45,0,0,"10:45","10:45"," 0H 00M"
,"Finnegan, Kyle",640448,"R","FF",719,"97.2",2085,"18.7",0.9396383009787269,0.9869246173690072,214.36984313541427,215.04677501878444,"4-Seam Fastball",99,645,645,-0.6769318833701732,0.6769318833701644,0,10,45,10,45,0,0,"10:45","10:45"," 0H 00M"
,"Freeland, Kyle",607536,"L","FF",353,"91.6",2356,"15.7",0.7895168454059234,0.8757948530474388,141.57995456949283,150.00734634571393,"4-Seam Fastball",88,75,60,-8.4273917762211,8.427391776221112,15,1,15,1,0,0,15,"1:15","1:00","+0H 15M"
,"Harrison, Kyle",690986,"L","FF",1186,"92.5",2204,"18.3",0.8668340115793414,0.9880971725057448,123.52179113701294,122.27618281643784,"4-Seam Fastball",99,120,120,1.2456083205751014,1.2456083205750892,0,2,0,2,0,0,0,"2:00","2:00"," 0H 00M"
,"Gilbert, Logan",669302,"R","FF",937,"96.6",2034,"17.4",0.8582161768415142,0.9590778615348032,208.61696592070132,205.1806491105302,"4-Seam Fastball",96,660,675,3.436316810171121,3.4363168101711423,-15,11,0,11,15,0,15,"11:00","11:15","-0H 15M"
,"Varland, Louie",686973,"R","FF",379,"96.3",2157,"17.1",0.840696930026839,0.9465294594350492,210.68938078114058,204.82575409964358,"4-Seam Fastball",95,660,675,5.86362668149701,5.863626681496997,-15,11,0,11,15,0,15,"11:00","11:15","-0H 15M"
,"Castillo, Luis",622491,"R","FF",1213,"95.6",2153,"17.6",0.84275030278007,0.9221316669336901,236.80663323623864,229.16250340076633,"4-Seam Fastball",92,600,615,7.644129835472313,7.644129835472326,-15,10,0,10,15,0,15,"10:00","10:15","-0H 15M"
,"Ortiz, Luis L.",682847,"R","FF",568,"95.9",2279,"16",0.7794066066699898,0.880755801723211,233.9183850083509,228.31737441842418,"4-Seam Fastball",88,615,630,5.601010589926716,5.601010589926747,-15,10,15,10,30,0,15,"10:15","10:30","-0H 15M"
,"Severino, Luis",622663,"R","FF",1025,"96.2",2219,"16.6",0.7977775672326327,0.9040686304005068,209.430307285347,203.83363817472622,"4-Seam Fastball",90,660,675,5.59666911062078,5.596669110620775,-15,11,0,11,15,0,15,"11:00","11:15","-0H 15M"
,"Wacha, Michael",608379,"R","FF",609,"93.6",2133,"18.7",0.9191509061057893,0.9916627754832809,206.07090781927891,201.76685754068052,"4-Seam Fastball",99,675,675,4.304050278598396,4.3040502785983685,0,11,15,11,15,0,0,"11:15","11:15"," 0H 00M"
,"Mikolas, Miles",571945,"R","FF",748,"93.2",2252,"14.6",0.7016444384199974,0.8561136182409382,215.06687310167626,206.69902357312515,"4-Seam Fastball",86,645,660,8.367849528551119,8.367849528551124,-15,10,45,11,0,0,15,"10:45","11:00","-0H 15M"
,"Cortes, Nestor",641482,"L","FF",1257,"92.1",2309,"19.3",0.8886656526782336,0.9671258651449,159.467755834913,164.83885459027198,"4-Seam Fastball",97,765,750,-5.371098755358986,5.371098755358979,15,12,45,12,30,0,15,"12:45","12:30","+0H 15M"
,"Martinez, Nick",607259,"R","FF",476,"92.6",2342,"17.9",0.836853447779576,0.9026583013535028,202.03499742856047,195.3883946700066,"4-Seam Fastball",90,675,690,6.6466027585538825,6.646602758553886,-15,11,15,11,30,0,15,"11:15","11:30","-0H 15M"
,"Nastrini, Nick",680897,"R","FF",333,"93.7",2370,"18.7",0.8616388596742252,0.9097695105951109,196.6423520839445,193.15420018230188,"4-Seam Fastball",91,690,690,3.488151901642624,3.4881519016426528,0,11,30,11,30,0,0,"11:30","11:30"," 0H 00M"
,"Lambert, Peter",663567,"R","FF",399,"94.5",2237,"17.1",0.8809057052059668,0.9822051145790504,209.75062456333586,204.61912440838677,"4-Seam Fastball",98,660,675,5.131500154949094,5.131500154949081,-15,11,0,11,15,0,15,"11:00","11:15","-0H 15M"
,"Garcia, Robert",676395,"L","FF",482,"94.4",2229,"17",0.8136634713546456,0.8896171635883737,130.05579936083848,139.72760963575416,"4-Seam Fastball",89,105,75,-9.671810274915686,9.671810274915684,30,1,45,1,15,0,30,"1:45","1:15","+0H 30M"
,"Suarez, Robert",663158,"R","FF",676,"99.1",2420,"19.2",0.8974757551653216,0.9583784251164729,206.10937950007974,203.61662415193607,"4-Seam Fastball",96,675,675,2.4927553481436746,2.4927553481436946,0,11,15,11,15,0,0,"11:15","11:15"," 0H 00M"
,"Weathers, Ryan",677960,"L","FF",561,"95.9",2317,"19.4",0.9010334428539887,0.9590645038268313,136.4946887794253,138.35651677144477,"4-Seam Fastball",96,90,90,-1.861827992019471,1.8618279920194694,0,1,30,1,30,0,0,"1:30","1:30"," 0H 00M"
,"Miller, Shelby",571946,"R","FF",496,"93.4",2419,"19.9",0.914869365573286,0.9795983748647457,209.94487951004604,208.56892173892194,"4-Seam Fastball",98,660,660,1.3759577711240922,1.3759577711241178,0,11,0,11,0,0,0,"11:00","11:00"," 0H 00M"
,"Imanaga, Shota",684007,"L","FF",1336,"91.7",2442,"20.6",0.9317922010159888,0.9878521759571375,147.88043234855027,148.93392656588654,"4-Seam Fastball",99,60,60,-1.0534942173362651,1.0534942173362698,0,1,0,1,0,0,0,"1:00","1:00"," 0H 00M"
,"Cecconi, Slade",677944,"R","FF",702,"94.4",2355,"20.3",0.9535953389400448,0.9924675612552525,228.97101443687703,226.24663673300995,"4-Seam Fastball",99,615,630,2.724377703867077,2.7243777038670376,-15,10,15,10,30,0,15,"10:15","10:30","-0H 15M"
,"Rainey, Tanner",663432,"R","FF",665,"94",2399,"20.7",0.9554825095673735,0.9718809031294994,213.63350160844237,210.84176972882977,"4-Seam Fastball",97,660,660,2.7917318796125983,2.7917318796126005,0,11,0,11,0,0,0,"11:00","11:00"," 0H 00M"
,"Megill, Trevor",656730,"R","FF",474,"98.8",2455,"18.5",0.8720065589189061,0.9305134597956202,198.7244320109819,198.5065950852639,"4-Seam Fastball",93,690,690,0.21783692571798952,0.21783692571800134,0,11,30,11,30,0,0,"11:30","11:30"," 0H 00M"
,"Rogers, Trevor",669432,"L","FF",707,"91.9",2431,"18.7",0.8458837646526894,0.9027776242539005,129.66868208916594,138.51298055034334,"4-Seam Fastball",90,105,90,-8.844298461177402,8.844298461177411,15,1,45,1,30,0,15,"1:45","1:30","+0H 15M"
,"Glasnow, Tyler",607192,"R","FF",860,"96.3",2561,"15.8",0.7145385642835694,0.7410479374343358,187.051708012335,180.2695181551213,"4-Seam Fastball",74,705,720,6.782189857213723,6.78218985721375,-15,11,45,12,0,0,15,"11:45","12:00","-0H 15M"
,"Vodnik, Victor",680767,"R","FF",804,"98",2281,"15.2",0.7989333105662592,0.923505838718552,212.29192806047672,206.70502714292664,"4-Seam Fastball",92,660,660,5.586900917550082,5.586900917550071,0,11,0,11,0,0,0,"11:00","11:00"," 0H 00M"
,"Kikuchi, Yusei",579328,"L","FF",1339,"95.5",2291,"18.3",0.8619672153603699,0.901742388130201,144.04420427048908,153.32964799520917,"4-Seam Fastball",90,75,60,-9.285443724720096,9.285443724720077,15,1,15,1,0,0,15,"1:15","1:00","+0H 15M"
,"Suárez, Albert",544150,"R","FF",1112,"94.8",2386,"17.6",0.8154994901147609,0.9104378394332795,211.0273069998827,204.23244870456182,"4-Seam Fastball",91,660,675,6.794858295320893,6.7948582953208705,-15,11,0,11,15,0,15,"11:00","11:15","-0H 15M"
,"Pallante, Andre",669467,"R","FF",952,"94.5",2245,"8.9",0.4325558593693879,0.7106393050013341,184.341734381743,179.52817936666645,"4-Seam Fastball",71,705,720,4.81355501507656,4.81355501507656,-15,11,45,12,0,0,15,"11:45","12:00","-0H 15M"
,"Molina, Anthony",683627,"R","FF",476,"94.8",2114,"16.6",0.888438437616723,0.9910970926400102,211.34852407798977,207.6534226603251,"4-Seam Fastball",99,660,660,3.6951014176646595,3.695101417664656,0,11,0,11,0,0,0,"11:00","11:00"," 0H 00M"
,"Francis, Bowden",670102,"R","FF",788,"92.9",2362,"18.5",0.8485953477406516,0.8866609025791041,206.94835226670352,199.5694259704959,"4-Seam Fastball",89,660,675,7.378926296207624,7.37892629620763,-15,11,0,11,15,0,15,"11:00","11:15","-0H 15M"
,"Pfaadt, Brandon",694297,"R","FF",931,"93.8",2557,"15.4",0.7046573613613708,0.7220805404804164,214.16566902795205,201.9508985587,"4-Seam Fastball",72,645,675,12.214770469252045,12.21477046925205,-30,10,45,11,15,0,30,"10:45","11:15","-0H 30M"
,"Ferguson, Caleb",657571,"L","FF",397,"93.8",2217,"17.3",0.8142760879232841,0.9092835009147353,141.02080184725045,148.76933693655275,"4-Seam Fastball",91,75,60,-7.748535089302294,7.748535089302303,15,1,15,1,0,0,15,"1:15","1:00","+0H 15M"
,"Thielbar, Caleb",573204,"L","FF",378,"93.3",2274,"18.1",0.8591881814679583,0.9030932144325492,163.30399254953218,168.5465963879878,"4-Seam Fastball",90,750,750,-5.242603838455608,5.242603838455604,0,12,30,12,30,0,0,"12:30","12:30"," 0H 00M"
,"Morton, Charlie",450203,"R","FF",802,"94.1",2248,"17.2",0.8314505704301401,0.9083046784453489,240.6476558584794,235.80264736119454,"4-Seam Fastball",91,600,615,4.8450084972848515,4.845008497284825,-15,10,0,10,15,0,15,"10:00","10:15","-0H 15M"
,"Stratton, Chris",608717,"R","FF",373,"91.8",2404,"16",0.7443443354492424,0.8423361515718556,216.80151935123308,205.06879299409545,"4-Seam Fastball",84,645,675,11.732726357137636,11.732726357137588,-30,10,45,11,15,0,30,"10:45","11:15","-0H 30M"
,"Peterson, David",656849,"L","FF",493,"93.1",2143,"14.6",0.7153140533626836,0.8098391105261206,142.08851008978712,152.00868367863075,"4-Seam Fastball",81,75,60,-9.920173588843625,9.920173588843628,15,1,15,1,0,0,15,"1:15","1:00","+0H 15M"
,"Cabrera, Edward",665795,"R","FF",475,"96.3",2247,"17.7",0.8576652668282682,0.9324758620844974,216.21528001620578,213.15254254134283,"4-Seam Fastball",93,645,660,3.0627374748629563,3.0627374748629697,-15,10,45,11,0,0,15,"10:45","11:00","-0H 15M"
,"Montas, Frankie",593423,"R","FF",870,"95.6",2388,"15.7",0.739171588707399,0.8069999638199364,208.8299303202959,199.62119036712815,"4-Seam Fastball",81,660,675,9.208739953167736,9.208739953167752,-15,11,0,11,15,0,15,"11:00","11:15","-0H 15M"
,"Peralta, Freddy",642547,"R","FF",1634,"94.3",2436,"17.6",0.8115814363205083,0.8898142894354174,209.70792604705377,203.64158659679293,"4-Seam Fastball",89,660,675,6.066339450260841,6.066339450260826,-15,11,0,11,15,0,15,"11:00","11:15","-0H 15M"
,"Williams, Gavin",668909,"R","FF",703,"96.6",2311,"18.8",0.9095871746289849,0.9688018597644896,220.46804815808898,218.3305384593931,"4-Seam Fastball",97,645,645,2.1375096986958795,2.1375096986958453,0,10,45,10,45,0,0,"10:45","10:45"," 0H 00M"
,"Luzardo, Jesús",666200,"L","FF",426,"95.2",2208,"20",0.9446252278601536,0.976650174189984,133.61590022366758,136.92988736495533,"4-Seam Fastball",98,90,90,-3.313987141287754,3.3139871412877566,0,1,30,1,30,0,0,"1:30","1:30"," 0H 00M"
,"Leasure, Jordan",673929,"R","FF",335,"96.1",2274,"18.1",0.8585314822490205,0.9370688524620483,199.2151428281997,197.01234115553075,"4-Seam Fastball",94,675,690,2.2028016726689543,2.202801672668943,-15,11,15,11,30,0,15,"11:15","11:30","-0H 15M"
,"Berríos, José",621244,"R","FF",507,"94",2160,"17.4",0.8399848561405587,0.9291777452521476,222.27669446983668,215.27999993879962,"4-Seam Fastball",93,630,645,6.996694531037065,6.996694531037062,-15,10,30,10,45,0,15,"10:30","10:45","-0H 15M"
,"Montero, Keider",672456,"R","FF",641,"94.7",2164,"16.3",0.7962292418856206,0.8948724040435108,209.78226973253038,202.25498690807234,"4-Seam Fastball",89,660,675,7.527282824458041,7.527282824458047,-15,11,0,11,15,0,15,"11:00","11:15","-0H 15M"
,"Gore, MacKenzie",669022,"L","FF",1652,"96",2309,"18.2",0.8605695262682057,0.9292915844790955,151.9981355365282,160.2584921291844,"4-Seam Fastball",93,60,765,-8.260356592656194,8.26035659265619,15,1,0,12,45,0,15,"1:00","12:45","+0H 15M"
,"Kopech, Michael",656629,"R","FF",895,"98.7",2621,"20.5",0.9281189133206255,0.9519823448980221,212.33868120870034,209.55403961997914,"4-Seam Fastball",95,660,660,2.7846415887212004,2.7846415887211915,0,11,0,11,0,0,0,"11:00","11:00"," 0H 00M"
,"Soroka, Michael",647336,"R","FF",468,"93.5",2527,"18",0.8107420816003985,0.8382406890518317,218.11103044882518,208.93668778563386,"4-Seam Fastball",84,645,660,9.174342663191311,9.174342663191279,-15,10,45,11,0,0,15,"10:45","11:00","-0H 15M"
,"Tonkin, Michael",543859,"R","FF",520,"93.2",2347,"17.8",0.8150776253180139,0.910499046573769,237.86182354577323,233.94585969246378,"4-Seam Fastball",91,600,615,3.9159638533094494,3.9159638533094454,-15,10,0,10,15,0,15,"10:00","10:15","-0H 15M"
,"Eovaldi, Nathan",543135,"R","FF",979,"95.4",2188,"18.2",0.8840645309159949,0.9550951710782364,230.90639244219025,233.2068619182523,"4-Seam Fastball",96,615,615,-2.300469476062034,2.3004694760620206,0,10,15,10,15,0,0,"10:15","10:15"," 0H 00M"
,"Fairbanks, Pete",664126,"R","FF",363,"97.3",2341,"18",0.8453833976248873,0.9224535602623495,194.73822754468807,188.81678933647981,"4-Seam Fastball",92,690,705,5.921438208208258,5.921438208208266,-15,11,30,11,45,0,15,"11:30","11:45","-0H 15M"
,"Vásquez, Randy",681190,"R","FF",476,"94.3",2421,"17.2",0.7951470464579966,0.867379371809088,211.34975119564967,206.43374333698563,"4-Seam Fastball",87,660,660,4.916007858664045,4.916007858664026,0,11,0,11,0,0,0,"11:00","11:00"," 0H 00M"
,"Suárez, Ranger",624133,"L","FF",441,"91.9",2006,"12.9",0.6368448420075307,0.7904208139629547,138.37689012556052,154.7418725371632,"4-Seam Fastball",79,90,765,-16.364982411602682,16.364982411602686,45,1,30,12,45,0,45,"1:30","12:45","+0H 45M"
,"Muñoz, Roddery",682610,"R","FF",399,"95.4",2270,"17.9",0.8486756766650126,0.9005566589146433,225.9979985466209,216.8181356984871,"4-Seam Fastball",90,630,645,9.17986284813378,9.179862848133762,-15,10,30,10,45,0,15,"10:30","10:45","-0H 15M"
,"Stripling, Ross",548389,"R","FF",411,"91.7",2143,"18.1",0.8516217001764576,0.8981787078207646,202.85519540703302,195.9050487852536,"4-Seam Fastball",90,675,690,6.9501466217794245,6.950146621779448,-15,11,15,11,30,0,15,"11:15","11:30","-0H 15M"
,"Fernandez, Ryan",681676,"R","FF",476,"95.5",2173,"17.6",0.8740452215912867,0.9765790816305745,202.19140638304967,204.02956226252064,"4-Seam Fastball",98,675,675,-1.8381558794709747,1.8381558794709705,0,11,15,11,15,0,0,"11:15","11:15"," 0H 00M"
,"Anderson, Tyler",542881,"L","FF",1153,"89.4",2196,"19.5",0.9087588411172046,0.9807839212824458,161.77821923986215,167.29809091445165,"4-Seam Fastball",98,750,750,-5.519871674589496,5.519871674589477,0,12,30,12,30,0,0,"12:30","12:30"," 0H 00M"
,"Buehler, Walker",621111,"R","FF",388,"95",2280,"16.7",0.8039423235416825,0.9017502647877342,202.59635432613302,195.2852053892384,"4-Seam Fastball",90,675,690,7.311148936894625,7.3111489368946305,-15,11,15,11,30,0,15,"11:15","11:30","-0H 15M"
,"Chapman, Aroldis",547973,"L","FF",378,"97.8",2366,"17.3",0.828680211637199,0.906639558272142,161.1056586623424,166.1766222732439,"4-Seam Fastball",91,765,750,-5.070963610901515,5.070963610901535,15,12,45,12,30,0,15,"12:45","12:30","+0H 15M"
,"Carrasco, Carlos",471911,"R","FF",436,"91.6",2179,"10.5",0.4989138966696019,0.7503431931752366,214.65191697790385,199.50603314798659,"4-Seam Fastball",75,645,675,15.145883829917267,15.145883829917256,-30,10,45,11,15,0,30,"10:45","11:15","-0H 30M"
,"Estévez, Carlos",608032,"R","FF",500,"96.8",2124,"18.5",0.9100365056238245,0.9895393505604222,208.16435349874294,206.4551723807227,"4-Seam Fastball",99,660,660,1.7091811180202399,1.7091811180202243,0,11,0,11,0,0,0,"11:00","11:00"," 0H 00M"
,"Scott, Christian",681035,"R","FF",415,"94.2",2236,"17.8",0.8437504775108363,0.9451816365749754,222.47250416631977,214.19158228251231,"4-Seam Fastball",95,630,645,8.280921883807451,8.280921883807467,-15,10,30,10,45,0,15,"10:30","10:45","-0H 15M"
,"Hancock, Emerson",676106,"R","FF",331,"93.4",2387,"18.8",0.8552954121422794,0.9611855508196797,228.60847515652472,225.9235777093664,"4-Seam Fastball",96,630,630,2.6848974471583062,2.6848974471582907,0,10,30,10,30,0,0,"10:30","10:30"," 0H 00M"
,"Crochet, Garrett",676979,"L","FF",1267,"97.1",2500,"17.3",0.7911285334997368,0.8715351085055454,142.02882779897288,150.7182759627211,"4-Seam Fastball",87,75,60,-8.68944816374821,8.68944816374821,15,1,15,1,0,0,15,"1:15","1:00","+0H 15M"
,"Canning, Griffin",656288,"R","FF",1079,"93.4",2116,"17.7",0.8569267792381465,0.9654055243327774,212.13923084498418,208.65760495839274,"4-Seam Fastball",97,660,660,3.481625886591445,3.481625886591422,0,11,0,11,0,0,0,"11:00","11:00"," 0H 00M"
,"Birdsong, Hayden",806185,"R","FF",614,"95.8",2291,"18.7",0.8852294285288919,0.9687971781403927,214.69624384948338,212.194786860611,"4-Seam Fastball",97,645,660,2.501456988872377,2.50145698887239,-15,10,45,11,0,0,15,"10:45","11:00","-0H 15M"
,"Wesneski, Hayden",669713,"R","FF",390,"94.6",2114,"12.8",0.6338092207033532,0.8282007042780867,204.8559838047841,202.71790443739908,"4-Seam Fastball",83,675,675,2.138079367385018,2.138079367385036,0,11,15,11,15,0,0,"11:15","11:15"," 0H 00M"
,"Taillon, Jameson",592791,"R","FF",725,"92.3",2283,"17",0.8077440970789138,0.917726489127179,207.19260771888617,204.75158237330078,"4-Seam Fastball",92,660,675,2.4410253455853876,2.4410253455854143,-15,11,0,11,15,0,15,"11:00","11:15","-0H 15M"
,"Crawford, Kutter",676710,"R","FF",952,"92.6",2505,"20.7",0.9227339222396177,0.9796295469982297,204.29165763364892,202.56669497878482,"4-Seam Fastball",98,675,675,1.7249626548641004,1.724962654864072,0,11,15,11,15,0,0,"11:15","11:15"," 0H 00M"
,"Parker, Mitchell",680730,"L","FF",1163,"92.5",2191,"17.9",0.8606612439667356,0.9626462743345449,155.2029708631061,162.23798277469132,"4-Seam Fastball",96,765,750,-7.035011911585229,7.03501191158523,15,12,45,12,30,0,15,"12:45","12:30","+0H 15M"
,"López, Reynaldo",625643,"R","FF",1163,"95.5",2073,"17.6",0.8879726218071827,0.9808792513312163,209.35462146203233,206.0311511573602,"4-Seam Fastball",98,660,675,3.323470304672128,3.3234703046721554,-15,11,0,11,15,0,15,"11:00","11:15","-0H 15M"
,"Armstrong, Shawn",542888,"R","FF",358,"93.3",2311,"16.9",0.7924221347927108,0.8457640020074276,212.81049160278423,204.2917800235434,"4-Seam Fastball",85,660,675,8.51871157924083,8.518711579240856,-15,11,0,11,15,0,15,"11:00","11:15","-0H 15M"
,"Richards, Trevor",670950,"R","FF",539,"92.3",2249,"20.6",0.9736794042253409,0.9911552640145312,201.82014871953743,201.07508970970554,"4-Seam Fastball",99,675,675,0.7450590098318912,0.7450590098319154,0,11,15,11,15,0,0,"11:15","11:15"," 0H 00M"
,"Williams, Trevor",592866,"R","FF",386,"88.9",2189,"11.4",0.5288183264517753,0.6698002794042843,217.6783849565852,205.2445759485282,"4-Seam Fastball",67,645,675,12.433809008057011,12.433809008057015,-30,10,45,11,15,0,30,"10:45","11:15","-0H 30M"
,"Alexander, Tyler",641302,"L","FF",369,"89.6",2297,"19.4",0.8866474225923068,0.9226125337045883,144.64430688712787,151.13777032099856,"4-Seam Fastball",92,75,60,-6.493463433870687,6.493463433870693,15,1,15,1,0,0,15,"1:15","1:00","+0H 15M"
,"Bellozo, Valente",678368,"R","FF",409,"89.2",2090,"15.8",0.7667030124482391,0.8904577939275733,202.96751152392775,196.13153344292306,"4-Seam Fastball",89,675,690,6.835978081004697,6.83597808100469,-15,11,15,11,30,0,15,"11:15","11:30","-0H 15M"
,"Estrada, Jeremiah",669093,"R","FF",551,"97.2",2227,"19.2",0.9258549160287128,0.9806834003142049,186.9159718066131,184.43789034770455,"4-Seam Fastball",98,705,705,2.478081458908548,2.47808145890859,0,11,45,11,45,0,0,"11:45","11:45"," 0H 00M"
,"Verlander, Justin",434378,"R","FF",768,"93.5",2395,"20.8",0.9345473099635683,0.9633569041622355,205.3103982318505,205.76067213019647,"4-Seam Fastball",96,675,675,-0.4502738983459551,0.4502738983459519,0,11,15,11,15,0,0,"11:15","11:15"," 0H 00M"
,"Wrobleski, Justin",680736,"L","FF",350,"95.1",2367,"17.8",0.86379252559286,0.9294896587511241,144.49550460434898,152.67450221172032,"4-Seam Fastball",93,75,60,-8.178997607371343,8.178997607371349,15,1,15,1,0,0,15,"1:15","1:00","+0H 15M"
,"Lorenzen, Michael",547179,"R","FF",568,"93.8",2385,"18.6",0.8670445063930556,0.9461237746804558,220.68088640112802,216.53758273079708,"4-Seam Fastball",95,645,645,4.143303670330937,4.143303670330934,0,10,45,10,45,0,0,"10:45","10:45"," 0H 00M"
,"Rodríguez, Randy",678495,"R","FF",403,"97.6",2525,"17.9",0.8179661548059248,0.89566430700327,205.93188227825712,204.56626494140497,"4-Seam Fastball",90,675,675,1.3656173368521536,1.3656173368521545,0,11,15,11,15,0,0,"11:15","11:15"," 0H 00M"
,"Contreras, Roansy",672710,"R","FF",403,"94.7",2328,"17.6",0.8220882002832176,0.8967070243910679,203.04942295814803,197.59342366655386,"4-Seam Fastball",90,675,690,5.455999291594168,5.455999291594168,-15,11,15,11,30,0,15,"11:15","11:30","-0H 15M"
,"McKenzie, Triston",663474,"R","FF",682,"91.1",2229,"19.2",0.9105124798501668,0.9780181910818254,186.46185322497226,184.86012041478847,"4-Seam Fastball",98,705,705,1.6017328101837904,1.601732810183769,0,11,45,11,45,0,0,"11:45","11:45"," 0H 00M"
,"Mlodzinski, Carmen",669387,"R","FF",344,"96.2",2289,"16.3",0.8040507870600314,0.8970084191855857,223.89908688727738,218.4998840703581,"4-Seam Fastball",90,630,645,5.399202816919285,5.399202816919306,-15,10,30,10,45,0,15,"10:30","10:45","-0H 15M"
,"Rodriguez, Eduardo",593958,"L","FF",378,"92",2266,"15.1",0.7310394831138702,0.790316275489712,154.5273464408477,155.31281960560008,"4-Seam Fastball",79,765,765,-0.7854731647523749,0.7854731647523646,0,12,45,12,45,0,0,"12:45","12:45"," 0H 00M"
,"Rodriguez, Grayson",680570,"R","FF",870,"96.1",2285,"20.2",0.9541847122101833,0.9872994235838143,221.44839156823423,220.93627614726293,"4-Seam Fastball",99,630,645,0.5121154209712984,0.5121154209713057,-15,10,30,10,45,0,15,"10:30","10:45","-0H 15M"
,"Strickland, Hunter",519326,"R","FF",344,"94.2",2317,"16.7",0.7774691159624183,0.8029981993764753,222.15200705656935,209.94629578372098,"4-Seam Fastball",80,630,660,12.205711272848362,12.205711272848381,-30,10,30,11,0,0,30,"10:30","11:00","-0H 30M"
,"Montgomery, Jordan",656756,"L","FF",334,"92.1",2290,"15.5",0.742992358127896,0.8059409321741043,146.92704826810112,159.27041872990935,"4-Seam Fastball",81,60,765,-12.343370461808234,12.343370461808236,15,1,0,12,45,0,15,"1:00","12:45","+0H 15M"
,"Rodríguez, Yariel",684320,"R","FF",610,"93.9",2361,"11.4",0.5313268272963848,0.7204535077945395,204.18008329255113,191.3637622351914,"4-Seam Fastball",72,675,690,12.816321057359744,12.816321057359776,-15,11,15,11,30,0,15,"11:15","11:30","-0H 15M"
,"Liberatore, Matthew",669461,"L","FF",384,"94.7",2115,"17.3",0.8609883626026087,0.9516953822030344,151.6979361281817,154.91183221426294,"4-Seam Fastball",95,60,765,-3.2138960860812347,3.213896086081244,15,1,0,12,45,0,15,"1:00","12:45","+0H 15M"
,"Arrighetti, Spencer",681293,"R","FF",1028,"94.1",2306,"19.2",0.8928155218179071,0.9511065677268576,221.84526155003883,220.39392088265294,"4-Seam Fastball",95,630,645,1.4513406673858924,1.4513406673859095,-15,10,30,10,45,0,15,"10:30","10:45","-0H 15M"
,"Yamamoto, Yoshinobu",808967,"R","FF",577,"95.5",2155,"16.7",0.8168087171886231,0.9226190072643218,213.4500135120321,206.57050382043877,"4-Seam Fastball",92,660,660,6.879509691593313,6.879509691593318,0,11,0,11,0,0,0,"11:00","11:00"," 0H 00M"
,"De Los Santos, Enyel",660853,"R","FF",542,"95.5",2206,"17.3",0.8319762889346792,0.9269874013558356,225.78702379379308,224.86306972904632,"4-Seam Fastball",93,630,630,0.9239540647467663,0.923954064746782,0,10,30,10,30,0,0,"10:30","10:30"," 0H 00M"
,"Domínguez, Seranthony",622554,"R","FF",427,"97.7",2397,"15",0.7055570644982755,0.7791954669079663,207.11400646429132,198.04872935899277,"4-Seam Fastball",78,660,690,9.065277105298549,9.065277105298545,-30,11,0,11,30,0,30,"11:00","11:30","-0H 30M"
,"Schwellenbach, Spencer",680885,"R","FF",547,"96.1",2264,"14.1",0.6978541837594621,0.7999931497077141,217.09879820398368,204.59828578944118,"4-Seam Fastball",80,645,675,12.500512414542499,12.50051241454248,-30,10,45,11,15,0,30,"10:45","11:15","-0H 30M"
,"Woods Richardson, Simeon",680573,"R","FF",920,"93.1",2186,"18",0.8685072620333044,0.9761134307241245,198.40152910036826,199.80287951442767,"4-Seam Fastball",98,690,675,-1.401350414059408,1.4013504140593998,15,11,30,11,15,0,15,"11:30","11:15","+0H 15M"